icims_id,title,category,ext_app_url,poc,poc_email,poc_phone,location,neighborhood
14595,826 Boston-In School Summer Program Assistant,"Education, Tutoring or Teacher's Assistant",,Julie Jacobs,julie@826boston.org,617-442-5400,3035 Washington St,Roxbury
14596,826 Boston-Out of School Time Summer Program Assistant,"Education, Tutoring or Teacher's Assistant",,Julie Jacobs,julie@826boston.org,617-442-5400,3035 Washington St,Roxbury
14597,ACEDONE - Youth Worker,Peer Leadership,,Hawa Yassin,hawa.yassin@acedone.org,617-445-1200,89 South St. Suite 203,Downtown
14598,All Dorchester Sports & Leadership - ADSL Summer Program,Camp Counselor/ Summer Program Staff Support,,Xavier Savage,xsavage@alldorchestersports.org,617-851-0446,1565 Dorchester Avenue,Dorchester
14599,Allston/Brighton APAC-Teacher Assistant,Child Care/Day Care Facility,,Paula Torrone Maxwell,service@allstonbrightonapac.org,617-783-1485,406 Cambridge Street,Allston
14600,Allston/Brighton APAC-Group Assistant for School Age Summer Program,Camp Counselor/ Summer Program Staff Support,,Paula Torrone Maxwell,service@allstonbrightonapac.org,617-783-1485,406 Cambridge Street,Allston
14601,"America Scores New England, Inc.: Boston Scores Summer Learning Academy - Junior Counselor",Camp Counselor/ Summer Program Staff Support,,Ivelisse Mendoza,ivelisse@bostonscores.org,617-553-4705,312 Border Street,East Boston
14609,BCYF Blackstone Community Center - Summer Camp Jr. Counselor,Camp Counselor/ Summer Program Staff Support,,Marco Torres,marco.torres@boston.gov,617-635-5162,50 West Brookline Street,South End
14602,"America Scores New England, Inc.: Boston Scores Summer Learning Academy - Junior Counselor - Hyde Park",Camp Counselor/ Summer Program Staff Support,,Ivelisse Mendoza,ivelisse@bostonscores.org,617-553-4705,40 Gordon Avenue,Hyde Park
14603,Artists For Humanity: Youth Arts Enterprise - Youth Arts Apprentice,Visual or Performing Arts,http://surveygizmoresponseuploads.s3.amazonaws.com/fileuploads/201021/4147467/99-2c69ed5ad0e0688726c2d04bccc2a6d3_image.png,Gary Chen,gchen@afhboston.org,617-268-7620,100 West Second Street,South Boston
14604,Asian Community Development Corporation: A-VOYCE - Programs Support Intern,Community Organizing,,Jeena Hah,jeena.hah@asiancdc.org,617-486-2380 ext. 204,38 Oak Street,South Boston
14605,Asian Task Force Against Domestic Violence - Youth Empowerment Project - Youth Community Leader,Community Organizing,https://goo.gl/forms/WEwJMH2WXdX2Rr113,Apphia K,Apphia@atask.org,617-338-2350,218 Adams St,Dorchester
14606,Asian Task Force Against Domestic Violence - Youth Empowerment Project - Summer Camp Jr. Counselor,"Education, Tutoring or Teacher's Assistant",https://goo.gl/forms/WEwJMH2WXdX2Rr113,Apphia K,Apphia@atask.org,617-338-2350,218 Adams St,Dorchester
14607,BCYF Admin & Finance - General Office Clerk,Administrative or Office Assistant,,Therese Martinez,therese.martinez@boston.gov,617-635-4920,1483 Tremont Street,Mission Hill
14608,BCYF Admin & Finance - Counselor In Training,Camp Counselor/ Summer Program Staff Support,,Therese Martinez,therese.martinez@boston.gov,617-635-4920,1483 Tremont Street,Mission Hill
14610,BCYF Blackstone Community Center - Front Desk Assistant,Administrative or Office Assistant,,Marco Torres,marco.torres@boston.gov,617-635-5162,50 West Brookline Street,South End
14611,BCYF Blackstone Community Center - Lifeguard Intern,"Sports, Fitness and/or Recreation",,Antonio Rosario,antonio.rosario@boston.gov,617-635-4920 ext. 2150,50 West Brookline Street,South End
14612,BCYF Blackstone Community Center - Summer Fun Stops - Junior Supervisor,Camp Counselor/ Summer Program Staff Support,,Joan Lanigan,joan.lanigan@boston.gov,617-635-4920,50 West Brookline Street,South End
14613,BCYF Blackstone Community Center - Superteens Program - SuperTeens Program Helper,Peer Leadership,,Kate Hennigan,kate.hennigan@boston.gov,617-635-4920,50 West Brookline Street,South End
14614,BCYF City Hall Child Care -Youth Counselor,Child Care/Day Care Facility,,Yamiley Millor,yamiley.millor@boston.gov,617-635-3793,"1 City Hall Plaza, Room 401",Downtown
14615,BCYF City Hall Child Care - Office Assistant,Child Care/Day Care Facility,,Yamiley Millor,yamiley.millor@boston.gov,617-635-3793,"1 City Hall Plaza, Room 401",Downtown
14616,BCYF Clougherty Pool - Lifeguard Intern,"Sports, Fitness and/or Recreation",,Antonio Rosario,antonio.rosario@boston.gov,617-635-4920 ext. 2150,331 Bunker Hill St,Charlestown
14617,BCYF Condon Community Center - Junior STEM Counselor,Camp Counselor/ Summer Program Staff Support,,Barbara Kelly,barbara.kelly@boston.gov,617-635-5100,200 D Street,South Boston
14618,"BCYF Condon Community Center - ""Teeniors""/ Teens Interacting with Seniors",Camp Counselor/ Summer Program Staff Support,,Barbara Kelly,barbara.kelly@boston.gov,617-635-5100,200 D Street,South Boston
14619,BCYF Condon Community Center - MVP Sports Program Assistant,"Sports, Fitness and/or Recreation",,Barbara Kelly,barbara.kelly@boston.gov,617-635-5100,200 D Street,South Boston
14620,BCYF Condon Community Center - Lifeguard Intern,"Sports, Fitness and/or Recreation",,Antonio Rosario,antonio.rosario@boston.gov,617-635-4920 ext. 2150,200 D Street,South Boston
14621,BCYF Condon Community Center - Superteens Program - SuperTeens Program Helper,Peer Leadership,,Kate Hennigan,kate.hennigan@boston.gov,617-635-4920,200 D Street,South Boston
14622,BCYF Curley Community Center - Summer Counselor,Camp Counselor/ Summer Program Staff Support,,Shawn McDonagh,Shawn.McDonagh@boston.gov,617-635-5104,1663 Columbia Road,South Boston
14623,BCYF Curley Community Center - Summer Counselor Assistant Supervisor,Camp Counselor/ Summer Program Staff Support,,Shawn McDonagh,Shawn.McDonagh@boston.gov,617-635-5104,1663 Columbia Road,South Boston
14624,BCYF Curley Community Center - Lifeguard Intern,"Sports, Fitness and/or Recreation",,Antonio Rosario,antonio.rosario@boston.gov,617-635-4920 ext. 2150,1663 Columbia Road,South Boston
14625,BCYF Curtis Hall Community Center - Junior Counselor,Camp Counselor/ Summer Program Staff Support,,Noel Torres,noel.torres@boston.gov,617-635-5193,20 South St,Downtown
14626,BCYF Curtis Hall Community Center - Building Maintenance,Maintenance/Landscaping,,Noel Torres,noel.torres@boston.gov,617-635-5193,20 South St,Downtown
14627,BCYF Curtis Hall Community Center - Lifeguard Intern,"Sports, Fitness and/or Recreation",,Antonio Rosario,antonio.rosario@boston.gov,617-635-4920 ext. 2150,20 South St,Downtown
14628,BCYF Curtis Hall Community Center - Superteens Program - SuperTeens Program Helper,Peer Leadership,,Kate Hennigan,kate.hennigan@boston.gov,617-635-4920,20 South St,Downtown
14629,BCYF Draper Pool - Lifeguard Intern,"Sports, Fitness and/or Recreation",,Antonio Rosario,antonio.rosario@boston.gov,617-635-4920 ext. 2150,5275 Washington St,West Roxbury
14630,BCYF Flaherty Pool - Lifeguard Intern,"Sports, Fitness and/or Recreation",,Antonio Rosario,antonio.rosario@boston.gov,617-635-4920 ext. 2150,160 Florence St,Roslindale
14631,BCYF Gallivan Community Center - Junior Counselor,Camp Counselor/ Summer Program Staff Support,,Jose Rodriguez,jose.rodriguez@boston.gov,617-635-5253,61 Woodruff Way,Mattapan
14632,BCYF Gallivan Community Center - Gym Assistant,"Sports, Fitness and/or Recreation",,Jose Rodriguez,jose.rodriguez@boston.gov,617-635-5253,61 Woodruff Way,Mattapan
14633,BCYF Gallivan Community Center - Superteens Program - SuperTeens Program Helper,Peer Leadership,,Kate Hennigan,kate.hennigan@boston.gov,617-635-4920,61 Woodruff Way,Mattapan
14634,BCYF Hennigan Community Center - Lifeguard Intern,"Sports, Fitness and/or Recreation",,Antonio Rosario,antonio.rosario@boston.gov,617-635-4920 ext. 2150,200 Heath Street,Jamaica Plain
14635,BCYF Hennigan Community Center - Teen Program - Junior Counselors,Camp Counselor/ Summer Program Staff Support,,Martha Salamanca,martha.salamanca@boston.gov,617-635-5198,200 Heath Street,Jamaica Plain
14636,BCYF Hennigan Community Center - Teen Program - Gym Assistant,"Sports, Fitness and/or Recreation",,Martha Salamanca,martha.salamanca@boston.gov,617-635-5198,200 Heath Street,Jamaica Plain
14637,BCYF Hennigan Community Center - Teen Program - Teen Assistant,Peer Leadership,,Martha Salamanca,martha.salamanca@boston.gov,617-635-5198,200 Heath Street,Jamaica Plain
14638,BCYF Holland Community Center - Junior Counselor,Camp Counselor/ Summer Program Staff Support,,Sounja Bynoe,sounja.bynoe@boston.gov,617-635-5144,85 Olney Street,Dorchester
14639,BCYF Holland Community Center - Junior Athletic Assistant,"Sports, Fitness and/or Recreation",,Sounja Bynoe,sounja.bynoe@boston.gov,617-635-5144,85 Olney Street,Dorchester
14640,BCYF Holland Community Center - Junior Clerical Assistant,Administrative or Office Assistant,,Sounja Bynoe,sounja.bynoe@boston.gov,617-635-5144,85 Olney Street,Dorchester
14641,BCYF Holland Community Center - Lifeguard Intern,"Sports, Fitness and/or Recreation",,Antonio Rosario,antonio.rosario@boston.gov,617-635-4920 ext. 2150,85 Olney Street,Dorchester
14642,BCYF Holland Community Center - Superteens Program - SuperTeens Program Helper,Peer Leadership,,Kate Hennigan,kate.hennigan@boston.gov,617-635-4920,85 Olney Street,Dorchester
14643,BCYF Hyde Park Community Center - Camp Counselor,Camp Counselor/ Summer Program Staff Support,,Wiston Lloyd,Winston.Lloyd@boston.gov,617-635-5178,1179 River Street,Hyde Park
14644,BCYF Hyde Park Community Center - Junior Camp Counselor,Camp Counselor/ Summer Program Staff Support,,Wiston Lloyd,Winston.Lloyd@boston.gov,617-635-5178,1179 River Street,Hyde Park
14645,BCYF Hyde Park Community Center - Maintenance Worker,Maintenance/Landscaping,,Wiston Lloyd,Winston.Lloyd@boston.gov,617-635-5178,1179 River Street,Hyde Park
14646,BCYF Jackson Mann Community Center - Junior Counselor,Camp Counselor/ Summer Program Staff Support,,John Vitale,John.Vitale@boston.gov,617-635-5153,500 Cambridge St.,Allston
14647,BCYF Jackson Mann Community Center - Administrative Clerk,Administrative or Office Assistant,,John Vitale,John.Vitale@boston.gov,617-635-5153,500 Cambridge St.,Allston
14771,Boston Public Library - Library Aide,Information Technology,,Diana Preusser,dpreusser@bpl.org,617-388-5996,700 Boylston Street,Back Bay
14648,BCYF Jackson Mann Community Center - Superteens Program - SuperTeens Program Helper,Peer Leadership,,Kate Hennigan,kate.hennigan@boston.gov,617-635-4920,500 Cambridge St.,Allston
14649,BCYF Kent Charlestown Community School - Junior Counselor,Camp Counselor/ Summer Program Staff Support,,Maryann Wrenn,maryann.wrenn@boston.gov,617-635-5170,255 Medford Street,Charlestown
14650,BCYF Kent Charlestown Community School - Building Assistant,Maintenance/Landscaping,,Maryann Wrenn,maryann.wrenn@boston.gov,617-635-5170,255 Medford Street,Charlestown
14651,BCYF Kent Charlestown Community School - Superteens Program - SuperTeens Program Helper,Peer Leadership,,Kate Hennigan,kate.hennigan@boston.gov,617-635-4920,255 Medford Street,Charlestown
14652,BCYF Leahy Holloran Community Center - Junior Camp Counselor,Child Care/Day Care Facility,,Lisa Zinck,lisa.zinck@boston.gov,617-635-5150,1 Worrell Street,Dorchester
14653,BCYF Leahy Holloran Community Center - Lifeguard Intern,"Sports, Fitness and/or Recreation",,Antonio Rosario,antonio.rosario@boston.gov,617-635-4920 ext. 2150,1 Worrell Street,Dorchester
14654,BCYF Leahy Holloran Community Center - Summer Fun Stops - Junior Supervisor,Camp Counselor/ Summer Program Staff Support,,Joan Lanigan,joan.lanigan@boston.gov,617-635-4920,1 Worrell Street,Dorchester
14655,BCYF Madison Park Community Center - Gym Assistant,"Sports, Fitness and/or Recreation",,Javier Vega,javier.vega@boston.gov,857-334-1045,75 Malcolm X Blvd,Roxbury
14656,BCYF Madison Park Community Center - Building Assistant,Administrative or Office Assistant,,Javier Vega,javier.vega@boston.gov,857-334-1045,75 Malcolm X Blvd,Roxbury
14657,BCYF Madison Park Community Center - Peer Leader,Camp Counselor/ Summer Program Staff Support,,Javier Vega,javier.vega@boston.gov,857-334-1045,75 Malcolm X Blvd,Roxbury
14658,BCYF Madison Park Community Center - Lifeguard Intern,"Sports, Fitness and/or Recreation",,Antonio Rosario,antonio.rosario@boston.gov,617-635-4920 ext. 2150,75 Malcolm X Blvd,Roxbury
14659,BCYF Madison Park Community Center - Superteens Program - SuperTeens Program Helper,Peer Leadership,,Kate Hennigan,kate.hennigan@boston.gov,617-635-4920,75 Malcolm X Blvd,Roxbury
14660,BCYF Marshall Community Center - Junior Counselor,Camp Counselor/ Summer Program Staff Support,,Sean Morales,sean.morales@boston.gov,617-635-4920,35 Westville Street,Dorchester
14661,BCYF Marshall Community Center - Gym Assistant,"Sports, Fitness and/or Recreation",,Sean Morales,sean.morales@boston.gov,617-635-4920,35 Westville Street,Dorchester
14662,BCYF Marshall Community Center - Clerical,Administrative or Office Assistant,,Sean Morales,sean.morales@boston.gov,617-635-4920,35 Westville Street,Dorchester
14663,BCYF Marshall Community Center - Superteens Program - SuperTeens Program Helper,Peer Leadership,,Kate Hennigan,kate.hennigan@boston.gov,617-635-4920,35 Westville Street,Dorchester
14664,BCYF Martin Pino Community Center - Summer Camp Head Counselor,Camp Counselor/ Summer Program Staff Support,,Joseph Weddleton,joseph.weddleton@boston.gov,617-635-2121,86 Boardman Street,East Boston
14665,BCYF Martin Pino Community Center - Summer Camp Counselor,Camp Counselor/ Summer Program Staff Support,,Joseph Weddleton,joseph.weddleton@boston.gov,617-635-2121,86 Boardman Street,East Boston
14707,BCYF Shelburne Community Center - Office Assistant,Administrative or Office Assistant,,Warren Chase,warren.chase@boston.gov,617-635-5213,2730 Washington Street,Roxbury
14666,BCYF Martin Pino Community Center - Superteens Program - SuperTeens Program Helper,Peer Leadership,,Kate Hennigan,kate.hennigan@boston.gov,617-635-4920,86 Boardman Street,East Boston
14667,BCYF Mason Pool - Lifeguard Intern,"Sports, Fitness and/or Recreation",,Antonio Rosario,antonio.rosario@boston.gov,617-635-4920 ext. 2150,159 Norfolk Ave,Roxbury
14668,BCYF Mattahunt Community Center - Junior Counselor,Camp Counselor/ Summer Program Staff Support,,Ernest Hughes ,ernest.hughes@boston.gov,857-277-2383,100 Hebron Street,Mattapan
14669,BCYF Mattahunt Community Center - Superteens Program - SuperTeens Program Helper,Peer Leadership,,Kate Hennigan,kate.hennigan@boston.gov,617-635-4920,100 Hebron Street,Mattapan
14670,BCYF Mattahunt Community Center - Lifeguard Intern,"Sports, Fitness and/or Recreation",,Antonio Rosario,antonio.rosario@boston.gov,617-635-4920 ext. 2150,100 Hebron Street,Mattapan
14671,BCYF Menino Community Center Council Inc.- Camp Counselor,Camp Counselor/ Summer Program Staff Support,,Cynthia Johnson,cynthia.a.johnson@boston.gov,617-635-5256,125 Brookway Road,Roslindale
14672,BCYF Menino Community Center Council Inc.- Maintenance Assistant,Maintenance/Landscaping,,Cynthia Johnson,cynthia.a.johnson@boston.gov,617-635-5256,125 Brookway Road,Roslindale
14673,BCYF Menino Community Center Council Inc.- Athletic Assistant,"Sports, Fitness and/or Recreation",,Cynthia Johnson,cynthia.a.johnson@boston.gov,617-635-5256,125 Brookway Road,Roslindale
14727,Boston Baseball Camp - Junior Camp Counselor,Camp Counselor/ Summer Program Staff Support,,Donald Craft,dcraft111@gmail.com,617-680-1781,75 Turtle Pond Parkway,Hyde Park
14674,BCYF Menino Community Center Council Inc. - Superteens Program - SuperTeens Program Helper,Peer Leadership,,Kate Hennigan,kate.hennigan@boston.gov,617-635-4920,125 Brookway Road,Roslindale
14675,BCYF Mildred Ave Community Center - Junior Camp Counselor,Camp Counselor/ Summer Program Staff Support,,Valerie Scales,valerie.scales@boston.gov,617-635-1328,5 Mildred Ave,Mattapan
14676,BCYF Mildred Ave Community Center - Gym Assistant,"Sports, Fitness and/or Recreation",,Valerie Scales,valerie.scales@boston.gov,617-635-1328,5 Mildred Ave,Mattapan
14677,BCYF Mildred Ave Community Center - Office Assistant,Administrative or Office Assistant,,Valerie Scales,valerie.scales@boston.gov,617-635-1328,5 Mildred Ave,Mattapan
14678,BCYF Mildred Ave Community Center - Lifeguard Intern,"Sports, Fitness and/or Recreation",,Antonio Rosario,antonio.rosario@boston.gov,617-635-4920 ext. 2150,5 Mildred Ave,Mattapan
14679,BCYF Mildred Ave Community Center - Summer Fun Stops - Junior Supervisor,Camp Counselor/ Summer Program Staff Support,,Joan Lanigan,joan.lanigan@boston.gov,617-635-4920,5 Mildred Ave,Mattapan
14680,BCYF Mirabella Pool - Lifeguard Intern,"Sports, Fitness and/or Recreation",,Antonio Rosario,antonio.rosario@boston.gov,617-635-4920 ext. 2150,475 Commercial St,Downtown
14681,BCYF Nazzaro Community Center - Summer Day Camp Junior Counselor,Camp Counselor/ Summer Program Staff Support,,Carl Ameno,Carl.Ameno@boston.gov,617-635-5166,30 North Bennet Street,Downtown
14682,BCYF Nazzaro Community Center- Staff Assistant,Administrative or Office Assistant,,Carl Ameno,Carl.Ameno@boston.gov,617-635-5166,30 North Bennet Street,Downtown
14683,BCYF Nazzaro Community Center - Summer Fun Stops - Junior Supervisor,Camp Counselor/ Summer Program Staff Support,,Joan Lanigan,joan.lanigan@boston.gov,617-635-4920,30 North Bennet Street,Downtown
14684,BCYF Ohrenberger Community Center - Junior Counselor,Camp Counselor/ Summer Program Staff Support,,Patricia Kennedy,patricia.kennedy@boston.gov,617-635-5184,175 West Boundary Road,West Roxbury
14685,BCYF Ohrenberger Community Center - Assistant Gymnastics Couch,"Sports, Fitness and/or Recreation",,Patricia Kennedy,patricia.kennedy@boston.gov,617-635-5184,175 West Boundary Road,West Roxbury
14686,BCYF Ohrenberger Community Center - Superteens Program - SuperTeens Program Helper,Peer Leadership,,Kate Hennigan,kate.hennigan@boston.gov,617-635-4920,175 West Boundary Road,West Roxbury
14687,BCYF Paris Street Community Center - Lifeguard Intern,"Sports, Fitness and/or Recreation",,Antonio Rosario,antonio.rosario@boston.gov,617-635-4920 ext. 2150,112 Paris Street ,East Boston
14688,BCYF Paris Street Community Center - Summer Fun Stops - Junior Supervisor,Camp Counselor/ Summer Program Staff Support,,Joan Lanigan,joan.lanigan@boston.gov,617-635-4920,112 Paris Street ,East Boston
14767,Boston Public Library - Library Aide,Information Technology,,Diana Preusser,dpreusser@bpl.org,617-388-5996,700 Boylston Street,Back Bay
14689,BCYF Paris Street Community Center - Superteens Program - SuperTeens Program Helper,Peer Leadership,,Kate Hennigan,kate.hennigan@boston.gov,617-635-4920,112 Paris Street ,East Boston
14690,BCYF Paris Street Community Center: East Boston Harborside Community Council - Summer Camp Support Staff,Camp Counselor/ Summer Program Staff Support,,Elena Black,elenarose.black@boston.gov,617-635-5125,112 Paris Street ,East Boston
14691,BCYF Paris Street Community Center: East Boston Harborside Community Council - All Girls Summer Program,Camp Counselor/ Summer Program Staff Support,,Elena Black,elenarose.black@boston.gov,617-635-5125,112 Paris Street ,East Boston
14692,BCYF Paris Street Community Center: East Boston Harborside Community Council - Pool and Maintenance Support Staff,Maintenance/Landscaping,,Elena Black,elenarose.black@boston.gov,617-635-5125,112 Paris Street ,East Boston
14693,BCYF Perkins Community Center - Front Desk,Administrative or Office Assistant,,Michelle Brooks,Michelle.brooks@boston.gov,617-635-5146,155 Talbot Ave,Dorchester
14694,BCYF Perkins Community Center - Locker Room Attendant,Maintenance/Landscaping,,Michelle Brooks,Michelle.brooks@boston.gov,617-635-5146,155 Talbot Ave,Dorchester
14695,BCYF Perkins Community Center - Junior Counselor,Child Care/Day Care Facility,,Michelle Brooks,Michelle.brooks@boston.gov,617-635-5146,155 Talbot Ave,Dorchester
14696,BCYF Perkins Community Center - Lifeguard Intern,"Sports, Fitness and/or Recreation",,Antonio Rosario,antonio.rosario@boston.gov,617-635-4920 ext. 2150,155 Talbot Ave,Dorchester
14697,BCYF Perkins Community Center - Superteens Program - SuperTeens Program Helper,Peer Leadership,,Kate Hennigan,kate.hennigan@boston.gov,617-635-4920,155 Talbot Ave,Dorchester
14768,Boston Public Library - Library Aide,Information Technology,,Diana Preusser,dpreusser@bpl.org,617-388-5996,700 Boylston Street,Back Bay
14698,BCYF Quincy Community Center - Gym/Recreation Assistant,"Sports, Fitness and/or Recreation",,Helen Wong,Helen.Wong@boston.gov,617-635-5129,885 Washington Street,Chinatown
14699,BCYF Quincy Community Center - Front Desk Assistant,Administrative or Office Assistant,,Helen Wong,Helen.Wong@boston.gov,617-635-5129,885 Washington Street,Chinatown
14700,BCYF Quincy Community Center - Lifeguard Intern,"Sports, Fitness and/or Recreation",,Antonio Rosario,antonio.rosario@boston.gov,617-635-4920 ext. 2150,885 Washington Street,Chinatown
14701,BCYF Quincy Community Center - Superteens Program - SuperTeens Program Helper,Peer Leadership,,Kate Hennigan,kate.hennigan@boston.gov,617-635-4920,885 Washington Street,Chinatown
14702,BCYF Roche Community Center - West Roxbury Community Center - Counselor,Camp Counselor/ Summer Program Staff Support,,Lauren Hurley,lauren.hurley@boston.gov,617-635-5066,1716 Centre Street ,West Roxbury
14703,BCYF Roslindale Community Center - KAS Summer,Camp Counselor/ Summer Program Staff Support,,Tyson Mercer,missiontyson@gmail.com,617-635-5185,6 Cummins Hwy,Roslindale
14704,BCYF Roslindale Community Center - 6-12 Year Old Summer Program,Camp Counselor/ Summer Program Staff Support,,Tyson Mercer,missiontyson@gmail.com,617-635-5185,6 Cummins Hwy,Roslindale
14705,BCYF Roslindale Community Center - Front Desk,Administrative or Office Assistant,,Tyson Mercer,missiontyson@gmail.com,617-635-5185,6 Cummins Hwy,Roslindale
14706,BCYF Shelburne Community Center - Junior Counselor,Camp Counselor/ Summer Program Staff Support,,Warren Chase,warren.chase@boston.gov,617-635-5213,2730 Washington Street,Roxbury
14708,BCYF Shelburne Community Center - Gym Assistant/Coach,"Sports, Fitness and/or Recreation",,Warren Chase,warren.chase@boston.gov,617-635-5213,2730 Washington Street,Roxbury
14709,BCYF Shelburne Community Center - Superteens Program - SuperTeens Program Helper,Peer Leadership,,Kate Hennigan,kate.hennigan@boston.gov,617-635-4920,2730 Washington Street,Roxbury
14710,BCYF Streetworker Program - Seasonal Outdoor Maintenance,Maintenance/Landscaping,,Krishante Arocho,krishante.arocho@boston.gov,617-635-4920 ext. 2139,1483 Tremont Street ,Mission Hill
14711,BCYF Tobin Community Center - Youth Counselor,Camp Counselor/ Summer Program Staff Support,,Andrew Angus,andrew.angus@boston.gov,617-635-5216,1481 Tremont St,Roxbury
14712,BCYF Tobin Community Center - Youth Staff Assistant,Administrative or Office Assistant,,Andrew Angus,andrew.angus@boston.gov,617-635-5216,1481 Tremont St,Roxbury
14713,BCYF Tobin Community Center - Senior Counselor,Camp Counselor/ Summer Program Staff Support,,Andrew Angus,andrew.angus@boston.gov,617-635-5216,1481 Tremont St,Roxbury
14714,BCYF Tobin Community Center - Superteens Program - SuperTeens Program Helper,Peer Leadership,,Kate Hennigan,kate.hennigan@boston.gov,617-635-4920,1481 Tremont St,Roxbury
14715,BCYF Tynan Community Center - Recreation Assistant,Camp Counselor/ Summer Program Staff Support,,John Lydon,john.lydon@boston.gov,617-635-5110,650 East Fourth Street,South Boston
14716,BCYF Tynan Community Center - Assistant and Lead Instructor/Organizer,"Sports, Fitness and/or Recreation",,John Lydon,john.lydon@boston.gov,617-635-5110,650 East Fourth Street,South Boston
14717,BCYF Tynan Community Center - Senior Instructor/Organizer,Peer Leadership,,John Lydon,john.lydon@boston.gov,617-635-5110,650 East Fourth Street,South Boston
14726,Boston Asian: Youth Essential Service - Peer Educator,Peer Leadership,,Nicholas You,nyou@bostonasianyes.org,617-482-4243,199 Harrison Avenue,Chinatown
14718,BCYF Tynan Community Center - Superteens Program - SuperTeens Program Helper,Peer Leadership,,Kate Hennigan,kate.hennigan@boston.gov,617-635-4920,650 East Fourth Street,South Boston
14719,Beantown Society - Youth Coordinator,Community Organizing,,Noemi Paz,noemispaz@beantownsociety.org,617-524-6373,45 Danforth St,Jamaica Plain
14720,Berklee City Music Boston - City Music Boston Summer Program Assistant,"Digital Media, Communications or Film",,Justin Johnson,jjohnson18@berklee.edu,617-747-6368,921 Boylston St,Back Bay
14721,BGCD - Walter Denney Youth Center - Recreation Assistant,Camp Counselor/ Summer Program Staff Support,http://surveygizmoresponseuploads.s3.amazonaws.com/fileuploads/201021/4147467/245-4513870b035360b29ea8b77c43efc211_2018_Career_Prep_App.doc,Chad Hassey,chassey@bgcdorchester.org,617-822-3701,270 Mount Vernon St,Dorchester
14722,Bikes Not Bombs - Youth Pathways - Assistant and Lead Instructor/Organizer,Camp Counselor/ Summer Program Staff Support,http://surveygizmoresponseuploads.s3.amazonaws.com/fileuploads/201021/4147467/191-33d896a8d6522787532e84d7054d5ada_YOUTH_EMPLOYEE_APPLICATION.doc.pdf,Will Gifford,will@bikesnotbombs.org,617-522-0222,284 Amory Street,Jamaica Plain
14723,Bikes Not Bombs - Youth Pathways - Senior Instructor/Organizer,Camp Counselor/ Summer Program Staff Support,http://surveygizmoresponseuploads.s3.amazonaws.com/fileuploads/201021/4147467/191-33d896a8d6522787532e84d7054d5ada_YOUTH_EMPLOYEE_APPLICATION.doc.pdf,Will Gifford,will@bikesnotbombs.org,617-522-0222,284 Amory Street,Jamaica Plain
14724,Bikes Not Bombs - Youth Pathways - Mechanic and Sales Associate,Business or Entrepreneurship,http://surveygizmoresponseuploads.s3.amazonaws.com/fileuploads/201021/4147467/191-33d896a8d6522787532e84d7054d5ada_YOUTH_EMPLOYEE_APPLICATION.doc.pdf,Will Gifford,will@bikesnotbombs.org,617-522-0222,284 Amory Street,Jamaica Plain
14725,Blue Hill Boys & Girls Club - Junior Staff,Camp Counselor/ Summer Program Staff Support,https://bgcb-openhire.silkroad.com/epostings/index.cfm?fuseaction=app.jobInfo&version=1&jobid=231,Rick Aggeler,raggeler@bgcb.org,617-506-5405,15 Talbot Ave,Dorchester
14728,Boston Chinatown Neighborhood Center - Youth Center Program Assistant,Camp Counselor/ Summer Program Staff Support,,Cynthia Wong,cynthia.wong@bcnc.net,617-635-5129,38 Ash Street,Chinatown
14729,Boston Chinatown Neighborhood Center - Childcare Program Assistant,Child Care/Day Care Facility,,Cynthia Wong,cynthia.wong@bcnc.net,617-635-5129,38 Ash Street,Chinatown
14730,Boston Chinatown Neighborhood Center - Operations Assistant,Administrative or Office Assistant,,Cynthia Wong,cynthia.wong@bcnc.net,617-635-5129,38 Ash Street,Chinatown
14731,Boston Housing Authority - Youth Leadership,Health Care,,Greg Davis,greg.davis@bostonhousing.org,617-988-5101,125 Amory Street,Roxbury
14732,Boston Housing Authority - Youth Leadership,Peer Leadership,,Greg Davis,greg.davis@bostonhousing.org,617-988-5101,125 Amory Street,Roxbury
14733,Boston Kroc Center - Summer with RJ - Group Leader,Camp Counselor/ Summer Program Staff Support,http://surveygizmoresponseuploads.s3.amazonaws.com/fileuploads/201021/4147467/99-8033fb088ea3d9eca281ba5fc509615c_Volunteer_Application.pdf,Ayeisha Mathis,ayeisha.mathis@use.salvationarmy.org,617-318-6945,650 Dudley St,Roxbury
14734,Boston Neighborhood Network - BNN Youth Voices Media Content Production Assistant,"Digital Media, Communications or Film",,Monique Douglas,mdouglas@bnntv.org,617-708-3205,3025 Washington St.,Roxbury
14735,Boston Park & Recreation - Park Rangers - Stable Hand,"Environment, Natural Resources, and/or Agriculture",,Hodari Keels,Hodari.Keels@Boston.gov,617-635-7383,1 Franklin Park Rd,Dorchester
14736,Boston Parks & Recreation - Baseball Crew,"Sports, Fitness and/or Recreation",,Billy Sittig,billy.sittig@boston.gov,617-961-3082,"1010 Massachusetts Ave, 3rd Floor   ",Roxbury
14737,Boston Parks & Recreation - Baseball Umpire Training,"Sports, Fitness and/or Recreation",,Billy Sittig,billy.sittig@boston.gov,617-961-3082,"1010 Massachusetts Ave, 3rd Floor   ",Roxbury
14769,Boston Public Library - Library Aide,Information Technology,,Diana Preusser,dpreusser@bpl.org,617-388-5996,700 Boylston Street,Back Bay
14738,Boston Parks & Recreation - Lacrosse - Jr. Sport Specialist,"Sports, Fitness and/or Recreation",http://surveygizmoresponseuploads.s3.amazonaws.com/fileuploads/201021/4147467/115-8261fccfc87904bd5696cbc84ef06ce4_BPRD_Lacrosse_Crew_Staff_Application.pdf,Woodley Auguste,woodley.auguste@boston.gov,617-961-3084,"1010 Massachusetts Ave, 3rd Floor   ",Roxbury
14739,Boston Parks & Recreation - Soccer - Jr. Sport Specialist,"Sports, Fitness and/or Recreation",https://drive.google.com/open?id=1MpN-xB3ukCiU1EEkQSVLNT5_BDgWxDT9,Woodley Auguste,woodley.auguste@boston.gov,617-961-3084,"1010 Massachusetts Ave, 3rd Floor   ",Roxbury
14740,Boston Parks & Recreation - South Boston Sports Center - Jr. Sport Specialist,"Sports, Fitness and/or Recreation",,Woodley Auguste,woodley.auguste@boston.gov,617-961-3084,"1010 Massachusetts Ave, 3rd Floor   ",Roxbury
14741,Boston Parks & Recreation - Summer Golf Course Management - Franklin Park - Summer Golf Staff,"Sports, Fitness and/or Recreation",http://surveygizmoresponseuploads.s3.amazonaws.com/fileuploads/201021/4147467/191-e4e91968ed80aae87fe98e7a2ccff5f1_Summer_Golf_Application.docx,Billy Sittig,billy.sittig@boston.gov,617-961-3082,"1010 Massachusetts Ave, 3rd Floor   ",Roxbury
14742,Boston Parks & Recreation - Summer Golf Course Management - George Wright -  Summer Golf Staff,"Sports, Fitness and/or Recreation",http://surveygizmoresponseuploads.s3.amazonaws.com/fileuploads/201021/4147467/115-2e0cf1fcad438ab4a0941426b136115b_Summer_Golf_Application.docx,Billy Sittig,billy.sittig@boston.gov,617-961-3082,"1010 Massachusetts Ave, 3rd Floor   ",Roxbury
14743,Boston Parks & Recreation - The Mayor's Mural Crew - Youth Artist,Visual or Performing Arts,,Heidi Schork,heidi.schork@boston.gov,781-234-5967,"1010 Massachusetts Ave, 3rd Floor   ",Roxbury
14744,Boston Parks & Recreation Department - East Boston Sports Center - Jr. Sport Specialist,"Sports, Fitness and/or Recreation",,Cheryl Brown,cheryl.brown@boston.gov,617-961-3085,143 Porter St,East Boston
14745,Boston Parks and Recreation - ParkARTS Programming - ParkARTS Artist Assistant,Camp Counselor/ Summer Program Staff Support,,Jennifer Widener,Jennifer.Widener@Boston.gov,617-961-3047,"1010 Massachusetts Ave, 3rd Floor   ",Roxbury
14770,Boston Public Library - Library Aide,Information Technology,,Diana Preusser,dpreusser@bpl.org,617-388-5996,700 Boylston Street,Back Bay
14746,Boston Parks and Recreation - White Stadium Sports Center - Youth Worker,"Sports, Fitness and/or Recreation",,Larelle Bryson,larelle.bryson@boston.gov,617-961-3092,450 Walnut Ave,Jamaica Plain
14747,"Boston Parks and Recreation Department - Boston Neighborhood Basketball League (BNBL) - Scorekeepers, Timekeepers, Referees","Sports, Fitness and/or Recreation",,Mike Mitchell,mike.mitchell@boston.gov,617-635-4505,55 Malcolm X Blvd,Roxbury
14748,Boston Police Area B-2 Community Service Office - KOP (Kids Overcoming Pressure) - Teen Academy Participant,"Law, Government, or Public Service",http://surveygizmoresponseuploads.s3.amazonaws.com/fileuploads/201021/4147467/225-33133093844f09f337d618c3fe8c2d8d_B2_Waiver_2014.doc,Kenneth Grubbs,kenneth.grubbs@pd.boston.gov,857-234-6745,2400 Washington St,Allston
14749,Boston Police Area B-2 Community Service Office -  KOP (Kids Overcoming Pressure) - Team KOP,Peer Leadership,http://surveygizmoresponseuploads.s3.amazonaws.com/fileuploads/201021/4147467/225-33133093844f09f337d618c3fe8c2d8d_B2_Waiver_2014.doc,Kenneth Grubbs,kenneth.grubbs@pd.boston.gov,857-234-6745,2400 Washington St,Allston
14750,Boston Public Health Commission - Boston Area Health Education Center - BAHEC Scholar,Health Care,http://bit.ly/bahecsummer2018,Becca Rector,brector@bphc.org,617-534-5258,727 Massachusetts Ave,South End
14751,Boston Public Health Commission - Inclusion Partners Program - Inclusion Peer Leader,Peer Leadership,,Lauren Centeio,lcenteio@bphc.org,617-534-2279,723 Massachusetts Ave,South End
14752,Boston Public Health Commission - Peer Leadership Institute - Peer Leader,Peer Leadership,www.bphc.org/pli,Danielle Smith,dsmith@bphc.org,617-534-2735,727 Massachusetts Ave,South End
14753,Boston Public Health Commission - Start Strong - Peer Leader,Peer Leadership,https://www.surveymonkey.com/r/StartStrongApp,Jess Alder,jalder@bphc.org,617-534-3446,725 Massachusetts Avenue,South End
14754,Boston Public Health Commission - Youth Development Network - Peer Leader,Peer Leadership,,Peter Rempelakis,prempelakis@bphc.org,617-534-2460,1010 Massachusetts Avenue,Roxbury
14755,Boston Public Health Commission-Division of Violence Prevention - Village in Progress - VIP Youth Organizer,"Law, Government, or Public Service",http://surveygizmoresponseuploads.s3.amazonaws.com/fileuploads/201021/4147467/225-a8e825afe384de513248c39bdee482fb_Village_in_Progress_Summer_Application.docx,Efrain Arias,earias@bphc.org,617-534-2275,725 Massachusetts Ave,South End
14756,Boston Public Library - Library Aide,Information Technology,,Diana Preusser,dpreusser@bpl.org,617-388-5996,700 Boylston Street,Back Bay
14757,Boston Public Library - Library Aide,Information Technology,,Diana Preusser,dpreusser@bpl.org,617-388-5996,700 Boylston Street,Back Bay
14758,Boston Public Library - Library Aide,Information Technology,,Diana Preusser,dpreusser@bpl.org,617-388-5996,700 Boylston Street,Back Bay
14759,Boston Public Library - Library Aide,Information Technology,,Diana Preusser,dpreusser@bpl.org,617-388-5996,700 Boylston Street,Back Bay
14760,Boston Public Library - Library Aide,Information Technology,,Diana Preusser,dpreusser@bpl.org,617-388-5996,700 Boylston Street,Back Bay
14761,Boston Public Library - Library Aide,Information Technology,,Diana Preusser,dpreusser@bpl.org,617-388-5996,700 Boylston Street,Back Bay
14762,Boston Public Library - Library Aide,Information Technology,,Diana Preusser,dpreusser@bpl.org,617-388-5996,700 Boylston Street,Back Bay
14763,Boston Public Library - Library Aide,Information Technology,,Diana Preusser,dpreusser@bpl.org,617-388-5996,700 Boylston Street,Back Bay
14764,Boston Public Library - Library Aide,Information Technology,,Diana Preusser,dpreusser@bpl.org,617-388-5996,700 Boylston Street,Back Bay
14765,Boston Public Library - Library Aide,Information Technology,,Diana Preusser,dpreusser@bpl.org,617-388-5996,700 Boylston Street,Back Bay
14766,Boston Public Library - Library Aide,Information Technology,,Diana Preusser,dpreusser@bpl.org,617-388-5996,700 Boylston Street,Back Bay
14772,Boston Public Library - Library Aide,Information Technology,,Diana Preusser,dpreusser@bpl.org,617-388-5996,700 Boylston Street,Back Bay
14773,Boston Public Library - Library Aide,Information Technology,,Diana Preusser,dpreusser@bpl.org,617-388-5996,700 Boylston Street,Back Bay
14774,Boston Public Library - Library Aide,Information Technology,,Diana Preusser,dpreusser@bpl.org,617-388-5996,700 Boylston Street,Back Bay
14775,Boston Public Library - Library Aide,Information Technology,,Diana Preusser,dpreusser@bpl.org,617-388-5996,700 Boylston Street,Back Bay
14776,Boston Public Schools - Admin Support,"Education, Tutoring or Teacher's Assistant",,Carolyn MacNeil,cmacneil@bostonpublicschools.org,617-635-9054,2300 Washington St,Allston
14777,Boston Public Schools - Boston Student Advisory Council - BSAC Summer Intern,Community Organizing,,Maria Ortiz,mortiz@bostonpublicschools.org,617-635-9446,2300 Washington St,Allston
14778,Boys & Girls Club of Boston - Yawkey Boys & Girls Club of Roxbury - Junior Staff,Camp Counselor/ Summer Program Staff Support,http://surveygizmoresponseuploads.s3.amazonaws.com/fileuploads/201021/4147467/115-d431b4b654c7015e9de709aca63dc5eb_2018_BGCB_Background_Check_Forms.pdf,Peter Rosemond,prosemond@bgcb.org,617-516-5409,115 Warren St,Roxbury
14779,Boys & Girls Club of Boston - Yawkey Boys & Girls Club of Roxbury - Kitchen Assistant,Camp Counselor/ Summer Program Staff Support,http://surveygizmoresponseuploads.s3.amazonaws.com/fileuploads/201021/4147467/115-d431b4b654c7015e9de709aca63dc5eb_2018_BGCB_Background_Check_Forms.pdf,Peter Rosemond,prosemond@bgcb.org,617-516-5409,115 Warren St,Roxbury
14780,Boys & Girls Clubs of Boston -  Mattapan Teen Center - Music Performance and Athletics Peer Leader,Visual or Performing Arts,,Abriana Morales,amorales@bgcb.org,617-533-9051,10 Hazelton St,Mattapan
14781,Boys & Girls Clubs of Boston -  Mattapan Teen Center - Dance and Theater Arts Peer Leaders,Visual or Performing Arts,,Abriana Morales,amorales@bgcb.org,617-533-9051,10 Hazelton St,Mattapan
14815,Fresh Truck - Operations Assistant,"Environment, Natural Resources, and/or Agriculture",,Sunny Chen,sunny@thefreshtruck.org,720-526-9768,196 Quincy St,Dorchester
14782,Boys & Girls Clubs of Boston -  Mattapan Teen Center - Links to College Peer Leader,"Education, Tutoring or Teacher's Assistant",,Abriana Morales,amorales@bgcb.org,617-533-9051,10 Hazelton St,Mattapan
14783,Boys & Girls Clubs of Dorchester - Recreation Assistant,Camp Counselor/ Summer Program Staff Support,,Mike Joyce,mjoyce@bgcdorchester.org,617-288-7120,1135 Dorchester Ave,Dorchester
14784,Boys & Girls Clubs of Dorchester - Kids Cafe Assistant,Hospitality & Tourism,,Mike Joyce,mjoyce@bgcdorchester.org,617-288-7120,1135 Dorchester Ave,Dorchester
14785,Boys & Girls Clubs of Dorchester - Maintenance Assistants,Maintenance/Landscaping,,Mike Joyce,mjoyce@bgcdorchester.org,617-288-7120,1135 Dorchester Ave,Dorchester
14786,Brigham's/South Street Youth Center - South Street Youth Center - Innovative Associate (Youth Worker),"Digital Media, Communications or Film",,Corey Stallings,ssyc.coordinator@gmail.com,617-777-8768,17 Saint Rose St,Jamaica Plain
14787,Castle Square Tenants Organization (CSTO) - Square Roots - Assistant Group Leader,Camp Counselor/ Summer Program Staff Support,,Sophia Mei,smei@cstoboston.org,617-482-4605,464 Tremont St,South End
14788,"Catholic Charitable Bureau of the Archdiocese of Boston, Inc. - Teen Center at St. Peter?s (Teen Center) - Counselor-in-Training (CIT)","Education, Tutoring or Teacher's Assistant",http://surveygizmoresponseuploads.s3.amazonaws.com/fileuploads/201021/4147467/225-82626547e0e7fa5b7a9d49e64084fac4_2017-2018%2C_Teen_Center%2C_Member_Registration_Form.pdf,Lucas Medina,lucas_medina@ccab.org,617-282-3614,278 Bowdoin St,Dorchester
14789,"Catholic Charitable Bureau of the Archdiocese of Boston, Inc. - Youth Tutoring Youth (YTY) - Teen Leader","Education, Tutoring or Teacher's Assistant",https://goo.gl/forms/8pbhIc0NilZ0iqGu2,Katie Mazzeo,katie_mazzeo@ccab.org,617-464-8575,275 West Broadway,South Boston
14790,"Center for Community Health Education Research and Service, Inc. - Community Voices: Speaking Truth - Youth Researcher",Health Care,http://surveygizmoresponseuploads.s3.amazonaws.com/fileuploads/201021/4147467/115-e48de756aed15a78a36706776ecc7a2d_CV_Summer_Program_Application_%28no_ssn%29.docx,Luke Mathew,L.Mathew@Northeastern.edu,617-737-5179,40 Leon St,Fenway
14791,Center to Support Immigrant Organizing - Immigrant Youth Leadership Program - Peer Leader,Community Organizing,,Kevin Whalen,kwhalen@tsne.org,617-742-5165,89 South Street,Downtown
14792,Charlestown Boys and Girls Club - Day Camp Counselor,Camp Counselor/ Summer Program Staff Support,,John Killoran,jkilloran@bgcb.org,617-242-1775,15 Green St,Charlestown
14793,Charlestown Boys and Girls Club - Maintenance,Maintenance/Landscaping,,John Killoran,jkilloran@bgcb.org,617-242-1775,15 Green St,Charlestown
14794,Chinatown Main Street - Office Assistance,Administrative or Office Assistant,,Courtney Ho,CourtHo@gmail.com,617-350-6303,2 Boylston Street,Chinatown
14795,City of Boston - Department of Neighborhood Development - Program Assistant/Administrative Assistant,Administrative or Office Assistant,,Cathleen Coleman,cathleen.coleman@boston.gov,617-635-0651,26 Court Street,Downtown
14796,City of Boston - Jobs in City Governemnt - Youth Employee,Administrative or Office Assistant,,David Pina,david.pina@boston.gov,617-635-4781,1 City Hall Square,Downtown
14797,"Community Boating, Inc - Junior Program Assistant",Camp Counselor/ Summer Program Staff Support,,Andrew Alletag,andrew@community-boating.org,617-523-1038,21 David G Mugar Way,Downtown
14798,Company One Theatre -  Production Apprentice,Visual or Performing Arts,,Mark VanDerzee,mvanderzee@companyone.org,617-292-7110,543 Columbia Rd,South Boston
14870,Roxbury Youth Programs - Tour Guide,Peer Leadership,,Kathryn Peterson,kpeterson@uuum.org,541-510-8074,10 Putnam Street,Roxbury
14799,"Courageous Sailing, Inc. - Courageous Sailing, Inc. - Sailing Instructorï¿½",Camp Counselor/ Summer Program Staff Support,https://www.tfaforms.com/4650297,Ashton Smith,ashton@courageoussailing.org,857-452-1763,1 First Ave,Charlestown
14800,"Courageous Sailing, Inc. - Courageous Sailing, Inc. - Instructor-in-Training",Camp Counselor/ Summer Program Staff Support,https://www.tfaforms.com/4650297,Ashton Smith,ashton@courageoussailing.org,857-452-1763,1 First Ave,Charlestown
14801,"Courageous Sailing, Inc. - Courageous Sailing, Inc. - Team Leader",Camp Counselor/ Summer Program Staff Support,https://www.tfaforms.com/4650297,Ashton Smith,ashton@courageoussailing.org,857-452-1763,1 First Ave,Charlestown
14802,"Diamond Girls Boston, INC - Digital Media Intern","Digital Media, Communications or Film",,Kai Grant,kai.diamondgirlsboston@gmail.com,617-240-3333,2136 Washington St,Roxbury
14803,"Diamond Girls Boston, INC - Sales + Marketing Interns",Business or Entrepreneurship,,Kai Grant,kai.diamondgirlsboston@gmail.com,617-240-3333,2136 Washington St,Roxbury
14804,"Diamond Girls Boston, INC - Social Entrepreurship Intern",Business or Entrepreneurship,,Kai Grant,kai.diamondgirlsboston@gmail.com,617-240-3333,2136 Washington St,Roxbury
14805,Discovering Justice: The James D. St.Clair Court Education Project - Program Intern,"Education, Tutoring or Teacher's Assistant",,Dakotah Kennedy,dkennedy@discoveringjustice.org,617-748-4185,"1 Courthouse Way, Suite 3120",South Boston
14806,Dorchester Bay EDC - Summer Camp CITs,Camp Counselor/ Summer Program Staff Support,,Elias Monteiro,emonteiro@dbedc.org,857-350-7312,594 Columbia Rd,South Boston
14807,DotHouse Health - Assistant - Generation Next Academy Teen Center,Administrative or Office Assistant,,Michelle Rue,michelle.rue@dothousehealth.org,617-740-2531,1353 Dorchester Avenue,Dorchester
14808,DotHouse Health - Assistant in the Facilities Department,Maintenance/Landscaping,,Michelle Rue,michelle.rue@dothousehealth.org,617-740-2531,1353 Dorchester Avenue,Dorchester
14809,DotHouse Health - Assistant - IT Department,Information Technology,,Michelle Rue,michelle.rue@dothousehealth.org,617-740-2531,1353 Dorchester Avenue,Dorchester
14810,East Boston Central Catholic School - East Boston Central Catholic School Summer Program - Junior Conselor,Camp Counselor/ Summer Program Staff Support,,Robert Casaletto,rcasaletto@ebccs.org,617-567-7456,69 London Street,East Boston
14811,East Boston Neighborhood Health Center - Let's Get Movin' - Assistant Program Leader,"Sports, Fitness and/or Recreation",http://surveygizmoresponseuploads.s3.amazonaws.com/fileuploads/201021/4147467/253-b6b73f09487b71a1eafd82958ff042c7_EBNHC_Volunteer_Application.doc,Lisa DeAlmeida,dealmeil@ebnhc.org,617-568-4833,120 Liverpool Street,East Boston
14812,Edgerley Family South Boston Club - Junior Staff,Camp Counselor/ Summer Program Staff Support,,Tim Bothwell,tbothwell@bgcb.org,617-516-5440,230 W 6th St,South Boston
14813,Emerald Necklace Conservancy - Green Team - Crew Member,Maintenance/Landscaping,http://surveygizmoresponseuploads.s3.amazonaws.com/fileuploads/201021/4147467/179-60939e0b99173e80522c98f52830b7c0_Green_Team_Application_%28Boston%29.docx,Kent Jackson,kjackson@emeraldnecklace.org,617-522-2700,125 Fenway,Jamaica Plain
14814,FREEDOM HOUSE - PUSH High School Summer Institute - PUSH High School Summer Scholar,"Education, Tutoring or Teacher's Assistant",http://surveygizmoresponseuploads.s3.amazonaws.com/fileuploads/201021/4147467/191-9b1b7e84b360f4f0c7bb0177315e0c48_PUSH_High_School_Summer_Institute_application_2018.doc,Charmaine L. Arthur,carthur@freedomhouse.com,617-445-2805,5 Crawford Street,Roxbury
14816,Gavin Foundation  Walsh Center - Walsh Center - Activities Coordinator,"Sports, Fitness and/or Recreation",,Ron Maciejewski,r.maciejewski@gavinfoundation.org,671-635-1258,535 E Broadway,South Boston
14817,Get Ready Life Fitness: The Boston English High-School - Get Ready: Summer Camp - Peer Mentor Coach,"Sports, Fitness and/or Recreation",,Val Alteri,altieriv@bu.edu,617-413-779,144 McBride St,Jamaica Plain
14818,Harry McDonough Sailing Center (HMSC) - Junior Sailing Counselor,Camp Counselor/ Summer Program Staff Support,,Robert Dougherty,bobdougherty@mindspring.com,917-626-9205,2010 William J Day Blvd,South Boston
14819,Hawthorne Youth and Community Center - Grow it Cook it Share it and Summer Scene - Grow it Cook it Share it Crew,"Environment, Natural Resources, and/or Agriculture",https://goo.gl/forms/CuJVM7DjgRmB7loO2,Liz Miranda,liz@hyccroxbury.org,617-427-0613,9 Fulda St,Roxbury
14820,Hawthorne Youth and Community Center - Grow it Cook it Share it and Summer Scene - Summer Scene Crew,"Sports, Fitness and/or Recreation",https://goo.gl/forms/CuJVM7DjgRmB7loO2,Liz Miranda,liz@hyccroxbury.org,617-427-0613,9 Fulda St,Roxbury
14821,Healthy Baby Healthy Child Program - Clerk,Administrative or Office Assistant,,Shirley Shillingford,sshillingford@bphc.org,617-534-5832,774 Albany St,South End
14822,Healthy Baby Healthy Child Program- Assistant Summer Enrichment,Camp Counselor/ Summer Program Staff Support,,Shirley Shillingford,sshillingford@bphc.org,617-534-5832,774 Albany St,South End
14823,Horace Mann School for the Deaf - Document Imaging Technician,Information Technology,,Thomas Lally,tlally@bostonpublicschools.org,617-635-8534,40 Armington Street,Allston
14824,Horace Mann School for the Deaf - Custodial Assistant,Maintenance/Landscaping,,Thomas Lally,tlally@bostonpublicschools.org,617-635-8534,40 Armington Street,Allston
14825,Hyde Square Task Force - Youth Leader,Visual or Performing Arts,https://www.hydesquare.org/youth-leader-application/,Brenda Rodriguez-Andujar,brenda@hydesquare.org,617-524-8303,30 Sunnyside Street,Jamaica Plain
14826,"IBA - Inquilinos Boricuas en Accion, Inc. - IBA's Youth Development Program - Peer Leader",Peer Leadership,http://www.ibaboston.org/youth-program-application-form/,Lauren Bard,lbard@ibaboston.org,617-535-1755,100 W Dedham St,South End
14827,Institute for Pan African Cultural Education - Youth Advocate - Peer Leader,Camp Counselor/ Summer Program Staff Support,,Bwanda D Gerome,b.owen@paceachievement.org,857-269-3363,5 Mildred Ave,Mattapan
14828,Institute for Pan African Cultural Education - Program Admin,Administrative or Office Assistant,,Bwanda D Gerome,b.owen@paceachievement.org,857-269-3363,5 Mildred Ave,Mattapan
14829,Joseph Tierney Learning Center - Tierney Learning Center - Junior Staff,Camp Counselor/ Summer Program Staff Support,,Jose Sotz,jsotz@beaconcommunitiesllc.com,617-850-9157,125 Mercer St,Jamaica Plain
14830,Kwong Kow Chinese Schoool - Kwong Kow Summer Program - Teaching Assistant,"Education, Tutoring or Teacher's Assistant",,Benjamin Yu,kkcs.byu@gmail.com,617-426-6716,87 Tyler Street,Chinatown
14831,Lena Park Community Development Corporation - Youth Development Program - Fab Lab Assistant,"Science, Technology, Engineering and/or Math",http://surveygizmoresponseuploads.s3.amazonaws.com/fileuploads/201021/4147467/99-2c69ed5ad0e0688726c2d04bccc2a6d3_image.png,Victor Brandao,vbrandao@lenaparkcdc.org,617-533-8133,150 American Legion Hwy,Dorchester
14832,Lena Park Community Development Corporation - Youth Development Program - Computer Lab Assistant,Information Technology,http://surveygizmoresponseuploads.s3.amazonaws.com/fileuploads/201021/4147467/99-2c69ed5ad0e0688726c2d04bccc2a6d3_image.png,Victor Brandao,vbrandao@lenaparkcdc.org,617-533-8133,150 American Legion Hwy,Dorchester
14833,Lena Park Community Development Corporation - Youth Development Program - Front Desk/Admin Assistant,Administrative or Office Assistant,http://surveygizmoresponseuploads.s3.amazonaws.com/fileuploads/201021/4147467/99-2c69ed5ad0e0688726c2d04bccc2a6d3_image.png,Victor Brandao,vbrandao@lenaparkcdc.org,617-533-8133,150 American Legion Hwy,Dorchester
14834,Level Ground Mixed Martial Arts - Level Ground Student Trainer Program- Student Trainer,"Sports, Fitness and/or Recreation",,Alexandra Fuller,ali.levelgroundmma@gmail.com,410-533-2210,527 Columbia Road,Dorchester
14835,Little Brothers-Friends of the Elderly - Intergenerational Program Assistant,Community Organizing,http://lbfecrm.org/citysitestudents,Cynthia Wilkerson,cwilkerson.bos@littlebrothers.org,617-524-8882,3305 Washington Street,Jamaica Plain
14836,Madison Park Development Corporation - Summer Youth Employment Programs - Summer Camp Assistant,Camp Counselor/ Summer Program Staff Support,www.madison-park.org,Abrigal Forrester,aforrester@madison-park.org,617-849-6232,184 Dudley Street,Roxbury
14837,Madison Park Development Corporation - Summer Youth Employment Programs - Food Service Intern,Hospitality & Tourism,www.madison-park.org,Abrigal Forrester,aforrester@madison-park.org,617-849-6232,184 Dudley Street,Roxbury
14838,Madison Park Development Corporation - Summer Youth Employment Programs - Civic Engagement Intern,Community Organizing,www.madison-park.org,Abrigal Forrester,aforrester@madison-park.org,617-849-6232,184 Dudley Street,Roxbury
14839,Massachusetts Coalition for Occupational Safety & Health - Teens Lead at Work - Peer Leader,Peer Leadership,,Jenny Fernandez,jenny.fernandez@masscosh.org,617-825-7233,1532B Dorchester Ave,Dorchester
14840,Mattapan Food and Fitness Coalition - Mattapan Food and Fitness Coalition Vigorous Youth Leader,Community Organizing,,Shavel'le Olivier,vigorous.youth.411@gmail.com,617-433-7050,"1613 Blue Hill Ave, Suite 303",Mattapan
14841,Medicine Wheel Productions - Public Art Intern/ No Man's Land,Maintenance/Landscaping,,Richard Dinsmore,rdinsmore@mwproductions.org,617-268-6700,110 K St,South Boston
14842,Medicine Wheel Productions - Public Art Intern/Studio,Visual or Performing Arts,,Richard Dinsmore,rdinsmore@mwproductions.org,617-268-6700,110 K St,South Boston
14843,MissionSAFE: A New Beginning Inc.- Public Service Advocate,"Law, Government, or Public Service",,Karla Acevedo,karla.acevedo@missionsafe.org,617-427-0377,18 John Eliot Square,Jamaica Plain
14844,MissionSAFE: A New Beginning Inc. - Arts Advocate,Visual or Performing Arts,,Karla Acevedo,karla.acevedo@missionsafe.org,617-427-0377,18 John Eliot Square,Jamaica Plain
14845,MissionSAFE: A New Beginning Inc.- Health Advocate,Health Care,,Karla Acevedo,karla.acevedo@missionsafe.org,617-427-0377,18 John Eliot Square,Jamaica Plain
14846,More Than Words - Associate,Business or Entrepreneurship,http://surveygizmoresponseuploads.s3.amazonaws.com/fileuploads/201021/4147467/115-bf7f8e88b1ea7d977f422be5885ea8e8_Youth_Application_FY18.docx,Courtney Brown,cbrown@mtwyouth.org,617-674-5560,242 E Berkeley Street,South End
14871,Roxbury Youth Programs - Peer Leader,Peer Leadership,,Kathryn Peterson,kpeterson@uuum.org,541-510-8074,10 Putnam Street,Roxbury
14847,Morgan Memorial Goodwill Industries - Youth Initiative Program - Sales Associate,Business or Entrepreneurship,,Reyna Alfaro,ralfaro@goodwillmass.org,617-541-1416,1010 Harrison Ave,Roxbury
14848,Mothers for Justice and Equality - Youth Peer Leadership Program - Youth Peer Leader,Peer Leadership,,Dominique Smith,dsmith@mothersforjusticeandequality.org,617-516-8086,184 Dudley St,Roxbury
14849,New England Aquarium - Harbor Discoveries Camp Junior Counselor,Camp Counselor/ Summer Program Staff Support,http://www.neaq.org/get-involved/internship-programs/teen-internships/,Liz Georgakopoulos,lgeorgakopoulos@neaq.org,617-973-6745,1 Central Wharf,Downtown
14850,New England Aquarium- Community Outreach Educator  (Offsite Teen Educator),"Science, Technology, Engineering and/or Math",http://www.neaq.org/get-involved/internship-programs/teen-internships/,Liz Georgakopoulos,lgeorgakopoulos@neaq.org,617-973-6745,1 Central Wharf,Downtown
14851,New England Aquarium -Aquarium Guide - Visitor Education,Veterinary or Marine Science,http://www.neaq.org/get-involved/internship-programs/teen-internships/,Liz Georgakopoulos,lgeorgakopoulos@neaq.org,617-973-6745,1 Central Wharf,Downtown
14852,New Profit Inc.- Office Assistant,Administrative or Office Assistant,,Phuong Dao,phuong_dao@newprofit.org,617-912-8839,"200 Clarendon Street, Floor 44",Back Bay
14853,NUBIA - Seed & Yield - Garden Assistant,"Environment, Natural Resources, and/or Agriculture",,Sayed Mohamed-Nour,s.sayed@nubianet.net,617-669-2642,149 Roxbury St,Roxbury
14854,Phillips Brooks House Association - BRYE - Junior Counselor,Camp Counselor/ Summer Program Staff Support,http://pbha.org/get-involved/job-opportunities/work-at-sup-junior-counselor/,Kerry McGowan,kerry@pbha.org,617-495-5526,1 Worrell Street,Dorchester
14855,Phillips Brooks House Association - CHAD - Junior Counselor,Camp Counselor/ Summer Program Staff Support,http://pbha.org/get-involved/job-opportunities/work-at-sup-junior-counselor/,Kerry McGowan,kerry@pbha.org,617-495-5526,1 Worrell Street,Dorchester
14856,Phillips Brooks House Association - FIO - Junior Counselor,Camp Counselor/ Summer Program Staff Support,http://pbha.org/get-involved/job-opportunities/work-at-sup-junior-counselor/,Kerry McGowan,kerry@pbha.org,617-495-5526,1 Worrell Street,Dorchester
14857,Phillips Brooks House Association - Keylatch - Junior Counselor,Camp Counselor/ Summer Program Staff Support,http://pbha.org/get-involved/job-opportunities/work-at-sup-junior-counselor/,Kerry McGowan,kerry@pbha.org,617-495-5526,1 Worrell Street,Dorchester
14858,Phillips Brooks House Association - MHSP - Junior Counselor,Camp Counselor/ Summer Program Staff Support,http://pbha.org/get-involved/job-opportunities/work-at-sup-junior-counselor/,Kerry McGowan,kerry@pbha.org,617-495-5526,1 Worrell Street,Dorchester
14859,Phillips Brooks House Association - NAYEP - Junior Counselor,Camp Counselor/ Summer Program Staff Support,http://pbha.org/get-involved/job-opportunities/work-at-sup-junior-counselor/,Kerry McGowan,kerry@pbha.org,617-495-5526,1 Worrell Street,Dorchester
14860,Phillips Brooks House Association - RYI - Junior Counselor,Camp Counselor/ Summer Program Staff Support,http://pbha.org/get-involved/job-opportunities/work-at-sup-junior-counselor/,Kerry McGowan,kerry@pbha.org,617-495-5526,1 Worrell Street,Dorchester
14861,Phillips Brooks House Association - SBOS - Junior Counselor,Camp Counselor/ Summer Program Staff Support,http://pbha.org/get-involved/job-opportunities/work-at-sup-junior-counselor/,Kerry McGowan,kerry@pbha.org,617-495-5526,1 Worrell Street,Dorchester
14862,Piers Park Sailing Center - Youth Instructor,Camp Counselor/ Summer Program Staff Support,,Alex DeFronzo,adefronzo@piersparksailing.org,617-561-6677,95 Marginal St,East Boston
14863,"Project RIGHT, Inc. - Youth Organizer",Community Organizing,,Anton Joe-Yen,ajoeyen@projectrightinc.org,617-541-5454,320A Blue Hill Ave,Dorchester
14864,Real Kidz Outreach International (DBA: Real Kidz Boston) - Youth Worker,Camp Counselor/ Summer Program Staff Support,,Allison Cruz,realkidzboston@gmail.com,774-488-1105,10 Lamartine St,Jamaica Plain
14865,Roxbury Community College - Landscaping/Grounds,Maintenance/Landscaping,,Kenneth Hall,khall@rcc.mass.edu,857-701-1672,1234 Columbus Ave,Roxbury
14866,Roxbury Community College - Office Reception/Filing,Administrative or Office Assistant,,Kenneth Hall,khall@rcc.mass.edu,857-701-1672,1234 Columbus Ave,Roxbury
14867,Roxbury Tenants of Harvard - Counselor-in-Training (CIT),Camp Counselor/ Summer Program Staff Support,http://surveygizmoresponseuploads.s3.amazonaws.com/fileuploads/201021/4147467/191-d6b2ba73fe183cdae25013d5926afdfb_RTH_Youth_Application.docx,Jen Lewis,jlewis@roxburytenants.org,617-232-4306,11 New Whitney St,Roxbury Crossing
14868,Roxbury Tenants of Harvard - Pool Assistant/Junior Lifeguard,"Sports, Fitness and/or Recreation",http://surveygizmoresponseuploads.s3.amazonaws.com/fileuploads/201021/4147467/191-d6b2ba73fe183cdae25013d5926afdfb_RTH_Youth_Application.docx,Jen Lewis,jlewis@roxburytenants.org,617-232-4306,11 New Whitney St,Roxbury Crossing
14869,Roxbury Tenants of Harvard - Sports Assistant,"Sports, Fitness and/or Recreation",http://surveygizmoresponseuploads.s3.amazonaws.com/fileuploads/201021/4147467/191-d6b2ba73fe183cdae25013d5926afdfb_RTH_Youth_Application.docx,Jen Lewis,jlewis@roxburytenants.org,617-232-4306,11 New Whitney St,Roxbury Crossing
14872,Saint Ann Parish: Saint Ann Summer Enrichment Camp - Junior Counselor,Camp Counselor/ Summer Program Staff Support,http://surveygizmoresponseuploads.s3.amazonaws.com/fileuploads/201021/4147467/52-4fb3a9649b563aeb1cf9427bef9d423a_St_Ann_VBS_Summer_Enrichment_Program_Junior_Counselor_Application.docx,Paula Skalinski,saintannreled@gmail.com,617-504-3664,239 Neponset Avenue,Dorchester
14873,Salesian Boys & Girls Club - Assistant Counselor,Camp Counselor/ Summer Program Staff Support,,Nicole McCormack,n.mccormack@salesianclub.com,617-567-6626,150 Byron Street,East Boston
14874,Salesian Boys & Girls Club - Front Desk Assistant,Administrative or Office Assistant,,Nicole McCormack,n.mccormack@salesianclub.com,617-567-6626,150 Byron Street,East Boston
14875,Salesian Boys & Girls Club - Maintenance Staff,Maintenance/Landscaping,,Nicole McCormack,n.mccormack@salesianclub.com,617-567-6626,150 Byron Street,East Boston
14876,Save the Harbor/Save the Bay - Junior Program Assistant,Camp Counselor/ Summer Program Staff Support,,Chris Mancini,mancini@savetheharbor.org,617-451-2860,"212 Northern Ave, Suite 304 West",South Boston
14877,"Sociedad Latina, Inc. - Summer Leadership Academy - Youth Leader",Peer Leadership,,Alexandra Oliver-Davila,alex@sociedadlatina.org,617-442-4299,1530 Tremont Street,Roxbury
14878,South Boston Neighborhood House - Program Assistant,Camp Counselor/ Summer Program Staff Support,,Kathy Lafferty,klafferty@sbnh.org,617-268-1619,136 H Street,South Boston
14879,"South End Technology Center @ Tent City (SETC) - Learn 2 Teach, Teach 2 Learn Program (L2TT2L) - Youth Teacher","Science, Technology, Engineering and/or Math",www.docs.learn2teach.net,Susan Klimczak,klimczaksusan@gmail.com,617-578-0597,359 Columbus Avenue		,South End
14880,Southwest Boston CDC - Green Team - Crew Member,"Environment, Natural Resources, and/or Agriculture",,Patricia Alvarez,palvarez@swbcdc.org,617-364-7300,11 Fairmount Ave,Hyde Park
14881,Southwest Boston CDC - Green Team - Crew Leader,Camp Counselor/ Summer Program Staff Support,,Patricia Alvarez,palvarez@swbcdc.org,617-364-7300,11 Fairmount Ave,Hyde Park
14882,Sportsmen's Tennis & Enrichment Center - Summer Camp Counselor,Camp Counselor/ Summer Program Staff Support,,Thuan Nguyen,tnguyen@sportsmenstennis.org,617-288-9092,950 Blue Hill Avenue,Dorchester
14883,St Marys Center for Women and Children / GRLZ Radio - GRLZ Radio - On-Air Personality,"Digital Media, Communications or Film",https://www.grlzradio.org/apply/,Tekeisha Meade,tmeade@stmaryscenterma.org,617-436-8600,90 Cushing Ave,Dorchester
14884,St Peter Academy - Assistant Program Counselor,Camp Counselor/ Summer Program Staff Support,http://surveygizmoresponseuploads.s3.amazonaws.com/fileuploads/201021/4147467/245-b2b297d1266baf95fd3a1b37710a9ba3_St._Peter_Academy_Staff_Application_Intern_2018.pdf,Maria Blasi,spa@stpeteracademy.com,617-268-0750,371 West Fourth,South Boston
14885,St. Stephen's Youth Programs - B-SAFE- Counselor-in-Training with Elementary Students,Camp Counselor/ Summer Program Staff Support,http://www.ssypboston.org/employment/,Kasey Boston,Kasey@ssypboston.org,617-262-7090,419 Shawmut Ave,South End
14886,St. Stephen's Youth Programs - B-SAFE - Counselor-in-Training with Middle School Students,Camp Counselor/ Summer Program Staff Support,http://www.ssypboston.org/employment/,Kasey Boston,Kasey@ssypboston.org,617-262-7090,419 Shawmut Ave,South End
14887,St. Stephen's Youth Programs - B-SAFE - Community Organizer,Community Organizing,http://www.ssypboston.org/employment/,Kasey Boston,Kasey@ssypboston.org,617-262-7090,419 Shawmut Ave,South End
14888,STRIVE: BPS at Madison Park - Jr. Custodian,Maintenance/Landscaping,,Donna Hannon,dhannon@bostonpublicschools.org,617-635-9606,144 McBride Street,Jamaica Plain
14889,STRIVE: BPS at Madison Park - CIT,Camp Counselor/ Summer Program Staff Support,,Brenda Tanon-Jackson,btanonjackson@bostonpublicschools.org,617-828-5801,55 Malcolm X Blvd,Roxbury
14890,STRIVE: BPS at Madison Park - Facilities,Construction or Building Trades,,Brenda Tanon-Jackson,btanonjackson@bostonpublicschools.org,617-828-5801,55 Malcolm X Blvd,Roxbury
14891,STRIVE: Document Imaging Service Center (DISC) - Document Management Technician,Information Technology,,Brenda Tanon-Jackson,btanonjackson@bostonpublicschools.org,617-828-5801,55 Malcolm X Blvd,Roxbury
14892,Supreme Judicial Court - Judicial Youth Corps - Judicial Youth Corps Intern,Administrative or Office Assistant,https://mail.google.com/mail/u/0/?ui=2&ik=6ef19ca38a&view=att&th=15a85d0fffc75dab&attid=0.1&disp=inline&safe=1&zw,Vanessa Scott- Woodbury,vanessa.scott-woodbury@jud.state.ma.us,617-557-1114,24 New Chardon Street,Downtown
14893,TENACITY: BILLINGS - Junior Staff,"Sports, Fitness and/or Recreation",,Drew Hendrickson,drewhendrickson@tenacity.org,617-562-0900,"38 Everett St, Suite 50",Allston
14894,TENACITY: BOSTON COMMON - Junior Staff,"Sports, Fitness and/or Recreation",,Drew Hendrickson,drewhendrickson@tenacity.org,617-562-0900,"38 Everett St, Suite 50",Allston
14895,TENACITY: CARTER PLAYGROUND - Junior Staff,"Sports, Fitness and/or Recreation",,Drew Hendrickson,drewhendrickson@tenacity.org,617-562-0900,"38 Everett St, Suite 50",Allston
14896,TENACITY: CASSIDY PLAYGROUND - Junior Staff,"Sports, Fitness and/or Recreation",,Drew Hendrickson,drewhendrickson@tenacity.org,617-562-0900,"38 Everett St, Suite 50",Allston
14897,TENACITY: CONSTITUTION BEACH - Junior Staff,"Sports, Fitness and/or Recreation",,Drew Hendrickson,drewhendrickson@tenacity.org,617-562-0900,"38 Everett St, Suite 50",Allston
14898,TENACITY: DORCHESTER PARK - Junior Staff,"Sports, Fitness and/or Recreation",,Drew Hendrickson,drewhendrickson@tenacity.org,617-562-0900,"38 Everett St, Suite 50",Allston
14940,"Victory Programs, Inc. - ReVision Urban Farm - Farm Crew Member","Environment, Natural Resources, and/or Agriculture",,Joy I. Gary,jgary@vpi.org,617-822-3276,965 Massachusetts Avenue,Dorchester
14899,TENACITY: ENGLISH HIGH SCHOOL - Junior Staff,"Sports, Fitness and/or Recreation",,Drew Hendrickson,drewhendrickson@tenacity.org,617-562-0900,"38 Everett St, Suite 50",Allston
14900,TENACITY: GEORGE WRIGHT GOLF COURSE - Junior Staff,"Sports, Fitness and/or Recreation",,Drew Hendrickson,drewhendrickson@tenacity.org,617-562-0900,"38 Everett St, Suite 50",Allston
14901,TENACITY: HUNT/ALMONT PLAYGROUND - Junior Staff,"Sports, Fitness and/or Recreation",,Drew Hendrickson,drewhendrickson@tenacity.org,617-562-0900,"38 Everett St, Suite 50",Allston
14902,TENACITY: IACONO PLAYGROUND - Junior Staff,"Sports, Fitness and/or Recreation",,Drew Hendrickson,drewhendrickson@tenacity.org,617-562-0900,"38 Everett St, Suite 50",Allston
14903,TENACITY: MALCOLM X/WASHINGTON PARK - Junior Staff,"Sports, Fitness and/or Recreation",,Drew Hendrickson,drewhendrickson@tenacity.org,617-562-0900,"38 Everett St, Suite 50",Allston
14904,TENACITY: MARTINI SHELL/MOYNIHAN PARK - Junior Staff,"Sports, Fitness and/or Recreation",,Drew Hendrickson,drewhendrickson@tenacity.org,617-562-0900,"38 Everett St, Suite 50",Allston
14905,TENACITY: MEMORIAL PARK/SARTORI STADIUM - Junior Staff,"Sports, Fitness and/or Recreation",,Drew Hendrickson,drewhendrickson@tenacity.org,617-562-0900,"38 Everett St, Suite 50",Allston
14906,TENACITY: MOAKLEY/COLUMBUS PARK - Junior Staff,"Sports, Fitness and/or Recreation",,Drew Hendrickson,drewhendrickson@tenacity.org,617-562-0900,"38 Everett St, Suite 50",Allston
14907,TENACITY: PRINCE STREET/NORTH END PARK - Junior Staff,"Sports, Fitness and/or Recreation",,Drew Hendrickson,drewhendrickson@tenacity.org,617-562-0900,"38 Everett St, Suite 50",Allston
14908,TENACITY: RINGER PARK - Junior Staff,"Sports, Fitness and/or Recreation",,Drew Hendrickson,drewhendrickson@tenacity.org,617-562-0900,"38 Everett St, Suite 50",Allston
14909,TENACITY: RIPLEY PLAYGROUND - Junior Staff,"Sports, Fitness and/or Recreation",,Drew Hendrickson,drewhendrickson@tenacity.org,617-562-0900,"38 Everett St, Suite 50",Allston
14910,TENACITY: ROGERS PARK - Junior Staff,"Sports, Fitness and/or Recreation",,Drew Hendrickson,drewhendrickson@tenacity.org,617-562-0900,"38 Everett St, Suite 50",Allston
14941,"Victory Programs, Inc. - ReVision Urban Farm -Family Resource Center Associate",Child Care/Day Care Facility,,Joy I. Gary,jgary@vpi.org,617-822-3276,965 Massachusetts Avenue,Dorchester
14911,TENACITY: ROXBURY LATIN SCHOOL - Junior Staff,"Sports, Fitness and/or Recreation",,Drew Hendrickson,drewhendrickson@tenacity.org,617-562-0900,"38 Everett St, Suite 50",Allston
14912,TENACITY: RYAN PLAYGROUND - Junior Staff,"Sports, Fitness and/or Recreation",,Drew Hendrickson,drewhendrickson@tenacity.org,617-562-0900,"38 Everett St, Suite 50",Allston
14913,TENACITY: SAVIN HILL PARK - Junior Staff,"Sports, Fitness and/or Recreation",,Drew Hendrickson,drewhendrickson@tenacity.org,617-562-0900,"38 Everett St, Suite 50",Allston
14914,TENACITY: WHITE STADIUM - Junior Staff,"Sports, Fitness and/or Recreation",,Drew Hendrickson,drewhendrickson@tenacity.org,617-562-0900,"38 Everett St, Suite 50",Allston
14915,The Boston Project Ministries - Eco-Teens,Visual or Performing Arts,,Paulea Mooney-McCoy,paulea@tbpm.org,617-929-0925,15 Elmhurst Street,Dorchester
14916,The City School - Summer Leadership Program - Youth Leader,Community Organizing,,Royal Nunes,royal@thecityschool.org,617-822-3075,614 Columbia Rd,South Boston
14917,The Clubhouse Network (Museum of Science) - Clubhouse Leadership Crew Member,Camp Counselor/ Summer Program Staff Support,http://surveygizmoresponseuploads.s3.amazonaws.com/fileuploads/201021/4147467/253-058a21cd82d9484baa0e4e9b80cd7293_Teen_Summer_Employment_Application.docx,Brendan Casey,bcasey@theclubhousenetwork.org,617-589-0466,2101 Washington Street,Roxbury
14918,The Clubhouse Network (Museum of Science) - Clubhouse Leadership Crew,"Digital Media, Communications or Film",http://surveygizmoresponseuploads.s3.amazonaws.com/fileuploads/201021/4147467/253-058a21cd82d9484baa0e4e9b80cd7293_Teen_Summer_Employment_Application.docx,Brendan Casey,bcasey@theclubhousenetwork.org,617-589-0466,2101 Washington Street,Roxbury
14919,The Codman Square Neighborhood Council - BOLD Teens - Youth Advocate,Community Organizing,,Cynthia Loesch,CYNTHIALOESCH@GMAIL.COM,781-405-8648,6 Norfolk Street,Dorchester
14920,The Salvation Army - Children's Learning Center - Camp Helper,Camp Counselor/ Summer Program Staff Support,,Jeffery Bailey,jeffery.bailey@use.salvationarmy.org,617-436-2480,26 Wales St,Dorchester
14921,The Skating Club of Boston - Boston Common Frog Pond - Pool Attendant,"Sports, Fitness and/or Recreation",,Caden Costello,frog.pond@scboston.org,617-635-2120,38 Beacon St,Downtown
14922,The Skating Club of Boston - Boston Common Frog Pond - Lifeguard,"Sports, Fitness and/or Recreation",,Caden Costello,frog.pond@scboston.org,617-635-2120,38 Beacon St,Downtown
14923,The Theater Offensive - True Colors Intern,Visual or Performing Arts,http://www.thetheateroffensive.org/get-involved/internships,Sidney Monroe,sidney@thetheateroffensive.org,617-661-1600,565 Boylston Street,Back Bay
14924,The Theater Offensive - Programs Intern,Programs Intern,http://www.thetheateroffensive.org/get-involved/internships,Sidney Monroe,sidney@thetheateroffensive.org,617-661-1600,565 Boylston Street,Back Bay
14925,The Theater Offensive - Pride Youth Theater Alliance Intern,Administrative or Office Assistant,http://www.thetheateroffensive.org/get-involved/internships,Sidney Monroe,sidney@thetheateroffensive.org,617-661-1600,565 Boylston Street,Back Bay
14926,The Trustees of Reservations/BNAN - Boston Youth Conservation Corps Agriculture - Youth Conservation Corps Member,"Environment, Natural Resources, and/or Agriculture",,Linton Harrington,lharrington@thetrustees.org,508-636-4693,30 Edgewater Drive,Mattapan
14927,The Trustees of Reservations/BNAN - Boston Youth Conservation Corps East Boston - Youth Conservation Corps Member,"Environment, Natural Resources, and/or Agriculture",,Linton Harrington,lharrington@thetrustees.org,508-636-4693,30 Edgewater Drive,Mattapan
14928,The Trustees of Reservations/BNAN - Boston Youth Conservation Corps Mattapan - Youth Conservation Corps Member,"Environment, Natural Resources, and/or Agriculture",,Linton Harrington,lharrington@thetrustees.org,508-636-4693,30 Edgewater Drive,Mattapan
14929,The Trustees of Reservations/BNAN - Boston Youth Conservation Corps Neponset - Youth Conservation Corps Member,"Environment, Natural Resources, and/or Agriculture",,Linton Harrington,lharrington@thetrustees.org,508-636-4693,30 Edgewater Drive,Mattapan
14930,The Trustees of Reservations/BNAN - Boston Youth Conservation Corps Urban Wilds - Youth Conservation Corps Member,"Environment, Natural Resources, and/or Agriculture",,Linton Harrington,lharrington@thetrustees.org,508-636-4693,30 Edgewater Drive,Mattapan
14931,The Urbano Project - Youth Artist,Visual or Performing Arts,,Isabel Catalina Hibbard,isabel@urbanoproject.org,617-983-1007,29 Germania Street,Jamaica Plain
14932,"The Wang Center for the Performing Arts, Inc. - City Spotlights Summer Leadership Program - Teen Leader",Visual or Performing Arts,https://www.surveymonkey.com/r/JXKNM2N,Corey Evans,cevans@bochcenter.org,617-532-1259,270 Tremont Street,Back Bay
14933,The Young People's Project - YPP - STEM Literacy Worker,Information Technology,,Cliff Freeman,cliff@typp.org,857-492-1917,99 Bishop Allen Drive,Dorchester
14934,Transformative Culture Project - Beyond Creative - Youth Producer,"Digital Media, Communications or Film",,Emily Chun,emily@tcproject.org,201-560-2812,100R Warren St,Roxbury
14935,"United Somali Youth, inc.  - Junior Coach","Sports, Fitness and/or Recreation",,Said Ahmed,unitedsomaliyouthboston@gmail.com,617-749-6502,70 Warren St,Roxbury
14936,"United Somali Youth, inc. - Office Assistant",Administrative or Office Assistant,,Said Ahmed,unitedsomaliyouthboston@gmail.com,617-749-6502,70 Warren St,Roxbury
14937,"United Somali Youth, inc. - Tutoring","Education, Tutoring or Teacher's Assistant",,Said Ahmed,unitedsomaliyouthboston@gmail.com,617-749-6502,70 Warren St,Roxbury
14938,Uphams Corner Community Center - Bird Street Community Center - Jr. Counselors in Training (CIT),Camp Counselor/ Summer Program Staff Support,,Donna Woodson,dwoodson@birdstreet.org,617-282-6110,500 Columbia Road,Dorchester
14939,Uphams Corner Community Center - Bird Street Community Center - Jr. Staff,Peer Leadership,,Donna Woodson,dwoodson@birdstreet.org,617-282-6110,500 Columbia Road,Dorchester
14942,Vietnamese American Initiative for Development (VietAID) - VietAID Youth Program - Teaching Assistant,"Education, Tutoring or Teacher's Assistant",https://goo.gl/forms/L6t4C99hUevrlblO2,Carro Hua,carrohua@vietaid.org,617-822-3717,42 Charles Street,Dorchester
14943,Vietnamese American Initiative for Development (VietAID) - VietAID Youth Program - Assistant Counselor,Camp Counselor/ Summer Program Staff Support,https://goo.gl/forms/L6t4C99hUevrlblO2,Carro Hua,carrohua@vietaid.org,617-822-3717,42 Charles Street,Dorchester
14944,"West End House, Inc. - Leadership and Career Development - Group Leader",Peer Leadership,http://surveygizmoresponseuploads.s3.amazonaws.com/fileuploads/201021/4147467/115-5d460324d6874f6e31a5f480f7251e7e_Peer_Leader_Job_Descriptions.pdf,Carleen Colin,ccolin@westendhouse.org,617-870-7500,105 Allston Street,Allston
14945,"West End House, Inc. - Leadership and Career Development - Core Area Peer Leader",Peer Leadership,http://surveygizmoresponseuploads.s3.amazonaws.com/fileuploads/201021/4147467/115-5d460324d6874f6e31a5f480f7251e7e_Peer_Leader_Job_Descriptions.pdf,Carleen Colin,ccolin@westendhouse.org,617-870-7500,105 Allston Street,Allston
14946,WriteBoston - Teens in Print Summer Journalism Institute - Teen Reporter,"Digital Media, Communications or Film",,Carla Gualdron,carlagualdron@writeboston.com,617-792-7501,42 Greenleaf Street,Roxbury
14947,"YMCA of Greater Boston - Charlestown - Admin Asst, Camp Support, Facilities",Camp Counselor/ Summer Program Staff Support,,Malaina Bishop,mbishop@ymcaboston.org,518-441-7698,116 Huntington Ave,Back Bay
14948,"YMCA of Greater Boston - Dorchester - Admin Asst, Camp Support, Facilities",Camp Counselor/ Summer Program Staff Support,,Malaina Bishop,mbishop@ymcaboston.org,518-441-7698,116 Huntington Ave,Back Bay
14949,"YMCA of Greater Boston - East Boston - Admin Asst, Camp Support, Facilities",Camp Counselor/ Summer Program Staff Support,,Malaina Bishop,mbishop@ymcaboston.org,518-441-7698,116 Huntington Ave,Back Bay
14950,"YMCA of Greater Boston - Huntington - Admin Asst, Camp Support, Facilities",Camp Counselor/ Summer Program Staff Support,,Malaina Bishop,mbishop@ymcaboston.org,518-441-7698,116 Huntington Ave,Back Bay
14951,"YMCA of Greater Boston - Menino - Admin Asst, Camp Support, Facilities",Camp Counselor/ Summer Program Staff Support,,Malaina Bishop,mbishop@ymcaboston.org,518-441-7698,116 Huntington Ave,Back Bay
14952,"YMCA of Greater Boston - Oak Square - Admin Asst, Camp Support, Facilities",Camp Counselor/ Summer Program Staff Support,,Malaina Bishop,mbishop@ymcaboston.org,518-441-7698,116 Huntington Ave,Back Bay
14953,"YMCA of Greater Boston - Parkway/West Roxbury - Admin Asst, Camp Support, Facilities",Camp Counselor/ Summer Program Staff Support,,Malaina Bishop,mbishop@ymcaboston.org,518-441-7698,116 Huntington Ave,Back Bay
14954,"YMCA of Greater Boston - Roxbury/Egelston - Admin Asst, Camp Support, Facilities",Camp Counselor/ Summer Program Staff Support,,Malaina Bishop,mbishop@ymcaboston.org,518-441-7698,116 Huntington Ave,Back Bay
14955,"YMCA of Greater Boston - Wang - Admin Asst, Camp Support, Facilities",Camp Counselor/ Summer Program Staff Support,,Malaina Bishop,mbishop@ymcaboston.org,518-441-7698,116 Huntington Ave,Back Bay
14956,Youth Enrichment Services - Outdoor Adventure Leader,Camp Counselor/ Summer Program Staff Support,,Shiona DeCarvalho,sdecarvalho@yeskids.org,617-267-5877,412 Massachusetts Ave,South End
14957,Zoo New England - ZooTeen Program - Education Interpreter,"Education, Tutoring or Teacher's Assistant",https://www.volgistics.com/ex/portal.dll/ap?ap=1949741322,Jennifer Maltese,jmaltese@zoonewengland.com,617-989-2683,1 Franklin Park Rd,Dorchester
14958,Zoo New England - ZooTeen Program - Jr. Camp Counselor,Camp Counselor/ Summer Program Staff Support,https://www.volgistics.com/ex/portal.dll/ap?ap=1949741322,Jennifer Maltese,jmaltese@zoonewengland.com,617-989-2683,1 Franklin Park Rd,Dorchester
14959,Zoo New England - ZooTeen Program - Keepers Aide,Veterinary or Marine Science,https://www.volgistics.com/ex/portal.dll/ap?ap=1949741322,Jennifer Maltese,jmaltese@zoonewengland.com,617-989-2683,1 Franklin Park Rd,Dorchester